AmOneLet,AmAcid,Codon,Percentage,RSCU,GC3
G,Gly,GGG,0.25,1,Y
G,Gly,GGA,0.25,1,N
G,Gly,GGT,0.16,0.64,N
G,Gly,GGC,0.34,1.36,Y
E,Glu,GAG,0.58,1.16,Y
E,Glu,GAA,0.42,0.84,N
D,Asp,GAT,0.46,0.92,N
D,Asp,GAC,0.54,1.08,Y
V,Val,GTG,0.46,1.84,Y
V,Val,GTA,0.12,0.48,N
V,Val,GTT,0.18,0.72,N
V,Val,GTC,0.24,0.96,Y
A,Ala,GCG,0.11,0.44,Y
A,Ala,GCA,0.23,0.92,N
A,Ala,GCT,0.27,1.08,N
A,Ala,GCC,0.4,1.6,Y
K,Lys,AAG,0.57,1.14,Y
K,Lys,AAA,0.43,0.86,N
N,Asn,AAT,0.47,0.94,N
N,Asn,AAC,0.53,1.06,Y
M,Met,ATG,1,1,Y
I,Ile,ATA,0.17,0.515151515,N
I,Ile,ATT,0.36,1.090909091,N
I,Ile,ATC,0.47,1.424242424,Y
T,Thr,ACG,0.11,0.44,Y
T,Thr,ACA,0.28,1.12,N
T,Thr,ACT,0.25,1,N
T,Thr,ACC,0.36,1.44,Y
W,Trp,TGG,1,1,Y
C,Cys,TGT,0.46,0.92,N
C,Cys,TGC,0.54,1.08,Y
*,Stop,TGA,0.46,1.393939394,N
*,Stop,TAG,0.24,0.727272727,Y
*,Stop,TAA,0.3,0.909090909,N
Y,Tyr,TAT,0.44,0.88,N
Y,Tyr,TAC,0.56,1.12,Y
F,Phe,TTT,0.46,0.92,N
F,Phe,TTC,0.54,1.08,Y
S,Ser,TCG,0.05,0.301204819,Y
S,Ser,TCA,0.15,0.903614458,N
S,Ser,TCT,0.19,1.144578313,N
S,Ser,TCC,0.22,1.325301205,Y
S,Ser,AGT,0.15,0.903614458,N
S,Ser,AGC,0.24,1.445783133,Y
R,Arg,CGG,0.2,1.204819277,Y
R,Arg,CGA,0.11,0.662650602,N
R,Arg,CGT,0.08,0.481927711,N
R,Arg,CGC,0.18,1.084337349,Y
R,Arg,AGG,0.21,1.265060241,Y
R,Arg,AGA,0.21,1.265060241,N
Q,Gln,CAG,0.73,1.46,Y
Q,Gln,CAA,0.27,0.54,N
H,His,CAT,0.42,0.84,N
H,His,CAC,0.58,1.16,Y
L,Leu,CTG,0.4,2.409638554,Y
L,Leu,CTA,0.07,0.421686747,N
L,Leu,CTT,0.13,0.78313253,N
L,Leu,CTC,0.2,1.204819277,Y
L,Leu,TTG,0.13,0.78313253,Y
L,Leu,TTA,0.08,0.481927711,N
P,Pro,CCG,0.11,0.44,Y
P,Pro,CCA,0.28,1.12,N
P,Pro,CCT,0.29,1.16,N
P,Pro,CCC,0.32,1.28,Y