# Category, Subcategory, ROI, Name, lat, lon_e, min_lat, max_lat, min_lon_e, max_lon_e, Description, Science Rationale (JUICE Science Objective), UVS, JANUS HR, JANUS COLOR, JANUS STEREO, MAJIS, SWI, RIME, GALA, PEP/RPWI, J-MAG
# 1, 0, #0036fc, Polar Deposits, ---, ---, ---, ---, ---, ---, Surface features where influences of the transition to polar caps onto the compositional/geological properties are expected, Characterize the local environment and its interaction with the Jovian magnetosphere (GB/GC/GE),,,,,,,,,,
1, 0, 1, Harakhtes, 40.0, 260.0, 34.0, 46.0, 252.0, 268.0, Old impact craters with bright floor deposits in Galileo Regio. Additional features: furrows in dark terrain units; palimpsests, Study transition to northern polar caps in the dark terrain; map polar cap boundaries and thickness of the polar deposits in the dark terrain; study influence of external environment onto local impact features (morphology; topography; composition), 1, 1, 1, 1, 1, 1, 1, 1, 1, 1
1, 0, 2, Xibalba Sulcus, 38.5, 281.0, 31.0, 46.0, 270.0, 292.0, Bright terrain in and outside the northern polar cap. Additional features: linear remnants of dark terrain within bright terrain; possible insight into tectonic resurfacing of dark in to bright terrain, Transition to polar caps in the bright terrain; map polar cap boundaries in the bright terrain; map changes in composition and physical surface properties (radiation products in ice; ice grain size; crystallinity), 1, 1, 1, 1, 1, 1, 1, 1, 1, 1
1, 0, 3, Osiris, -44.5, 188.5, -62.0, -27.0, 167.0, 210.0, Bright ray crater near transition to southern polar cap (area of open field lines combined with pronounced plasma precipitation). Additional features: important type locality for relatively young bright ray craters representing stratigraphic markers, Influence of transition to polar caps and changing external environment onto crater morphology; retention of bright rays and crater material composition, 1, 1, 1, 1, 1, 1, 1, 1, 1, 1
1, 0, 4, Ptah, -66.0, 140.5, -80.0, -52.0, 125.0, 156.0, Bright ray crater near transition to southern polar cap (area of open field lines combined with pronounced plasma precipitation). Additional features: similar to Osiris (#1.0.3) but at different latitude, Study the southern polar caps and the influence of polar deposits and external environment onto crater morphology and crater material composition, 1, 1, 1, 1, 1, 1, 1, 1, 1, 1
1, 0, 5, Tashmetum, -40.0, 92.5, -53.0, -27.0, 75.0, 110.0, Bright ray crater near transition to southern polar cap. Additional features: similar to Osiris (#1.0.3) but at different hemisphere; possibly an oblique impact inferred from bilateral symmetry in ejecta pattern, Influence of transition to polar caps and changing external environment onto crater morphology; retention of bright rays and crater material composition, 1, 1, 1, 1, 1, 1, 1, 1, 1, 1
1, 0, 6, Hershef, 46.5, 89.5, 37.0, 56.0, 77.0, 102.0, Additional features: similar to Osiris (#1.0.3) but at different hemisphere, Influence of transition to polar caps and changing external environment onto crater morphology; retention of bright rays and crater material composition, 1, 1, 1, 1, 1, 1, 1, 1, 1, 1
1, 0, 7, Galileo Regio, 47.0, 218.5, 37.0, 57.0, 208.0, 229.0, Ancient dark surface material near the transition to the northern polar region. Additional features: similar to Osiris (#1.0.3); possibly an oblique impact inferred from bilateral symmetry in ejecta pattern, Study effects of external environment (temperature; radiation; thickness of polar caps and composition (radiation products; icy properties) of polar deposits) onto dark ancient terrain, 1, 1, 1, 1, 1, 1, 1, 1, 1, 1
1, 0, 8, None, 72.0, 57.0, 61.0, 83.0, 47.0, 67.0, Poorly resolved bright terrain in the northern polar region, Study effects of external environment (temperature; radiation; thickness of polar caps and composition (radiation products; icy properties) of polar deposits) onto bright terrain, 1, 1, 1, 1, 1, 1, 1, 1, 1, 1
1, 0, 9, None, 72.5, 171.0, 60.0, 85.0, 155.0, 187.0, Poorly resolved dark and bright terrain in the northern polar region, Study effects of external environment (temperature; radiation; thickness of polar caps and composition (radiation products; icy properties) of polar deposits) onto dark and bright terrain, 1, 1, 1, 1, 1, 1, 1, 1, 1, 1
1, 0, 10, None, 72.5, 310.0, 62.0, 83.0, 297.0, 323.0, Poorly resolved bright terrain in the northern polar region around impact crater Neheh (area of open field lines combined with pronounced plasma precipitation). Additional features: extensively resurfaced bright terrain; dome crater, study influence of polar environment in the bright terrain; map changes in composition and physical surface properties (radiation products in ice; ice grain size; crystallinity); morphology of impact features, 1, 1, 1, 1, 1, 1, 1, 1, 1, 1
1, 0, 11, None, -72.0, 358.5, -85.0, -59.0, 340.0, 17.0, Poorly resolved bright terrain in the southern polar region (area of open field lines combined with pronounced plasma precipitation), Study effects of external environment (temperature; radiation; thickness of polar caps and composition (radiation products; icy properties) of polar deposits) onto bright terrain, 1, 1, 1, 1, 1, 1, 1, 1, 1, 1
1, 0, 12, None, 72.5, 257.5, 62.0, 83.0, 243.0, 272.0, Poorly resolved portions of Galileo Regio within the northern polar region (area of open field lines combined with pronounced plasma precipitation), Study effects of external environment (temperature; radiation; thickness of polar caps and composition (radiation products; icy properties) of polar deposits) onto dark terrain, 1, 1, 1, 1, 1, 1, 1, 1, 1, 1
1, 0, 13, None, 78.0, 340.5, 73.0, 83.0, 333.0, 348.0, At comparably low spatial Voyager resolution very smooth extensively resurfaced bright terrain withinthenorthern polar terrain (area of open field lines combined with pronounced plasma precipitation). Additional features: possible lobes at eastern margin near impact crater Adapa, Study effects of external environment (temperature; radiation; thickness of polar caps and composition (radiation products; icy properties) of polar deposits) onto very smooth bright terrain; investigation of potential cryovolcanism (flows); study geo context and possible association of its formation with very smooth terrain, 1, 1, 1, 1, 1, 1, 1, 1, 1, 1
1, 0, 14, Hamra Patera, -77.0, 189.0, -84.0, -70.0, 182.0, 196.0, Possible caldera in the bright terrain of the South polar region in bright terrain (area of open field lines combined with pronounced plasma precipitation). Additional features: central peak crater in bright terrain; reticulate terrain, Study effects of external environment (temperature; radiation; thickness of polar caps and composition (radiation products; icy properties) of polar deposits) onto potential cryovolcanism (flows); study geo context and possible association of its formation with bright terrain, 1, 1, 1, 1, 1, 1, 1, 1, 1, 1
1, 0, 15, Adapa, 72.0, 329.0, 67.0, 77.0, 323.0, 335.0, Small piece of dark terrain in the northern polar region. Additional features: central peak crater located within dark terrain; group of unnamed pedestal craters completely within bright terrain within northern polar caps, Study effects of external environment (temperature; radiation; thickness of polar caps and composition (radiation products; icy properties) of polar deposits) onto dark terrain; study influence of polar deposits onto crater morphology; study crater morphology depending on crater size and substrate, 1, 1, 1, 1, 1, 1, 1, 1, 1, 1
1, 0, 16, None, 70.0, 356.5, 66.0, 74.0, 351.0, 2.0, Smooth portion (possibly resolution effect) of bright terrain in the northern polar region (area of open field lines combined with pronounced plasma precipitation). Additional features: central peak crater located within bright terrain, Study effects of external environment (temperature; radiation; thickness of polar caps and composition (radiation products; icy properties) of polar deposits) onto bright terrain; study differences of the formation of central peak craters depending on substrate, 1, 1, 1, 1, 1, 1, 1, 1, 1, 1
1, 0, 17, Etana, 74.5, 19.5, 70.0, 79.0, 14.0, 25.0, Pedestal crater completely within bright terrain within northern polar caps close to a pit crater, Study effects of external environment (temperature; radiation; thickness of polar caps and composition (radiation products; icy properties) of polar deposits) onto potential cryovolcanism (flows); study geo context and possible association of its formation with bright terrain; study influence of polar deposits onto crater morphology; comparison of pit and pedestal craters in the substrate, 1, 1, 1, 1, 1, 1, 1, 1, 1, 1
1, 0, 18, Kishar, 72.5, 8.0, 67.0, 78.0, 2.0, 14.0, Pit crater completely with the bright terrain of the northern polar region (area of open field lines combined with pronounced plasma precipitation). Additional features: extensively resurface potionofbright terrain, Study effects of external environment (temperature; radiation; thickness of polar caps and composition (radiation products; icy properties) of polar deposits) onto extensively resurface bright terrain and the charcteristics of pit craters, 1, 1, 1, 1, 1, 1, 1, 1, 1, 1
1, 0, 19, Hathor, -67.0, 92.0, -76.0, -58.0, 82.0, 102.0, Prominent penepalimpsest or degraded dome crater in the bright terrain of southern polar region. Additional features: deformation styles in bright terrain; impact morphologies, Study effects of external environment (temperature; radiation; thickness of polar caps and composition (radiation products; icy properties) of polar deposits) onto extensively resurfaced bright terrain and the characteristics of penepalimpsests, 1, 1, 1, 1, 1, 1, 1, 1, 1, 1
# 2, 0, #f30302, Potential Cryovolcanic Regions, ---, ---, ---, ---, ---, ---, Geologically young surface features of possible cryovolcanic origin, Understand the formation of surface features and search for past and present activity (GB/GD/GE),,,,,,,,,,
2, 0, 1, Hammamat Patera, -24.0, 41.5, -28.0, -20.0, 38.0, 45.0, Possible caldera in bright terrain located in proximity to Nicholson Regio (Galileo SSI obs. 28GSCALDRA01/02). Additional features: prominent secondary crater chains from crater Enkidu, Study composition (content of trace compounds etc.); morphology; topography and subsurface properties of potential cryo-volcanism; study possible association of the formation process with bright terrain and/or large impact events, 1, 1, 0, 1, 1, 0, 1, 1, 0, 0
2, 0, 2, Natrun/Rum Patera, -29.0, 175.5, -32.0, -26.0, 173.0, 178.0, Possible caldera in Sippar Sulcus (Galileo SSI obs. G8GSCALDRA01). Additional features: prominent clusters of secondary craters from bright ray crater Osiris, Study composition (content of trace compounds etc.); morphology; topography and subsurface properties of potential cryo-volcanism; study possible association of the formation process with bright terrain and/or large impact events, 1, 1, 0, 1, 1, 0, 1, 1, 0, 0
2, 0, 3, None, -28.5, 178.5, -31.0, -26.0, 176.0, 181.0, Possible caldera in Sippar Sulcus (Galileo SSI obs. G8GSCALDRA01). Additional features: prominent clusters of secondary craters from bright ray crater Osiris; reticulate terrain, Study composition (content of trace compounds etc.); morphology; topography and subsurface properties of potential cryo-volcanism; study possible association of the formation process with bright terrain and/or large impact events, 1, 1, 0, 1, 1, 0, 1, 1, 0, 0
2, 0, 4, Musa Patera, -31.0, 170.0, -34.0, -28.0, 167.0, 173.0, Possible caldera in Sippar Sulcus (Galileo SSI obs. G8GSCALDERA01/02). Additional features: prominent clusters of secondary craters from bright ray crater Osiris, Study composition (content of trace compounds etc.); morphology; topography and subsurface properties of potential cryo-volcanism; study possible association of the formation process with bright terrain and/or large impact events, 1, 1, 0, 1, 1, 0, 1, 1, 0, 0
2, 0, 5, Yaroun Patera, -46.5, 218.0, -50.0, -43.0, 214.0, 222.0, Possiblecaldera within extensively resurfaced part of Sippar Sulcus). Additional features: prominent clusters of secondary craters from bright ray crater Osiris, Study composition (content of trace compounds etc.); morphology; topography and subsurface properties of potential cryo-volcanism; study possible association of the formation process with bright terrain and/or large impact events, 1, 1, 0, 1, 1, 0, 1, 1, 0, 0
2, 0, 7, None, -28.0, 184.0, -31.0, -25.0, 182.0, 186.0, Possible caldera NW of Osiris. Additional features: prominent clusters of secondary craters from bright ray crater Osiris; reticulate terrain, Study composition (content of trace compounds etc.); morphology; topography and subsurface properties of potential cryo-volcanism; study possible association of the formation process with bright terrain and/or large impact events, 1, 1, 0, 1, 1, 0, 1, 1, 0, 0
2, 0, 8, None, -28.5, 188.5, -31.0, -26.0, 186.0, 191.0, Possible caldera NW of Osiris. Additional features: prominent clusters of secondary craters from bright ray crater Osiris; reticulate terrain, Study composition (content of trace compounds etc.); morphology; topography and subsurface properties of potential cryo-volcanism; study possible association of the formation process with bright terrain and/or large impact events, 1, 1, 0, 1, 1, 0, 1, 1, 0, 0
2, 0, 9, None, -32.0, 165.0, -34.0, -30.0, 163.0, 167.0, Poorly resolved caldera-like feature in Mummu Sulci, Study composition (content of trace compounds etc.); morphology; topography and subsurface properties of potential cryo-volcanism; study possible association of the formation process with bright terrain, 1, 1, 0, 1, 1, 0, 1, 1, 0, 0
2, 0, 10, None, 44.5, 50.0, 42.0, 47.0, 46.0, 54.0, Potential flow features in the bright terrain north of T a-Urt and E of crater Mont. Additional features: extensively resurfaced bright terrain, Study composition (content of trace compounds etc.); morphology; topography and subsurface properties of potential cryo-volcanism; study possible association of the formation process with bright terrain, 1, 1, 0, 1, 1, 0, 1, 1, 0, 0
2, 0, 11, None, -16.5, 148.5, -19.0, -14.0, 146.0, 151.0, Caldera-like feature in E Melotte Regio. Additional features: pieces of dark terrain cut by bands of bright terrain, Study composition (content of trace compounds etc.); morphology; topography and subsurface properties of potential cryo-volcanism; study possible association of the formation process with bright terrain, 1, 1, 0, 1, 1, 0, 1, 1, 0, 0
2, 0, 12, None, 2.0, 36.5, 0.0, 4.0, 34.0, 39.0, Possiblecaldera-like feature in NE Mysia Sulci. Additional features: extensively resurfaced bright terrain, Study composition (content of trace compounds etc.); morphology; topography and subsurface properties of potential cryo-volcanism; study possible association of the formation process with bright terrain, 1, 1, 0, 1, 1, 0, 1, 1, 0, 0
2, 0, 13, None, 12.5, 47.0, 11.0, 14.0, 45.0, 49.0, Poorly resolved caldera-like feature in Mysia Sulci. Additional features: extensively resurfaced bright terrain, Study composition (content of trace compounds etc.); morphology; topography and subsurface properties of potential cryo-volcanism; study possible association of the formation process with bright terrain, 1, 1, 0, 1, 1, 0, 1, 1, 0, 0
2, 0, 14, None, 43.0, 36.0, 41.0, 45.0, 34.0, 38.0, Poorly resolved caldera-like feature in Nun Sulci, Study composition (content of trace compounds etc.); morphology; topography and subsurface properties of potential cryo-volcanism; study possible association of the formation process with bright terrain, 1, 1, 0, 1, 1, 0, 1, 1, 0, 0
2, 0, 15, None, -13.0, 216.5, -15.0, -11.0, 214.0, 219.0, Possiblecaldera-like feature in a small band within Marius Regio, Study composition (content of trace compounds etc.); morphology; topography and subsurface properties of potential cryo-volcanism; study formation process at the border between dark and bright terrain, 1, 1, 0, 1, 1, 0, 1, 1, 0, 0
2, 0, 16, None, -19.5, 216.0, -21.0, -18.0, 214.0, 218.0, Possible caldera E of Gad (#4.5.6), Study composition (content of trace compounds etc.); morphology; topography and subsurface properties of potential cryo-volcanism; study possible association of the formation process with bright terrain, 1, 1, 0, 1, 1, 0, 1, 1, 0, 0
2, 0, 17, None, 26.5, 34.5, 24.0, 29.0, 32.0, 37.0, Possiblecaldera-like feature in the East of impact crater Ba'al superimposed by two small fresh impact craters, Study composition (content of trace compounds etc.); morphology; topography and subsurface properties of potential cryo-volcanism; study possible association of the formation process with bright terrain, 1, 1, 0, 1, 1, 0, 1, 1, 0, 0
2, 0, 18, Sippar Sulcus, -16.5, 184.0, -19.0, -14.0, 182.0, 186.0, Potential flow feature at the boundary between dark and bright terrain (observed by Galileo SSI with 145 m/pixel G7), Study composition (content of trace compounds etc.); morphology; topography and subsurface properties of potential cryo-volcanism; study formation process at the border between dark and bright terrain, 1, 1, 0, 1, 1, 1, 1, 1, 0, 0
# 3, 0, #0a9415, Dark Ray. Floor. Halo Craters, ---, ---, ---, ---, ---, ---, High concentrations of dark material related to fresh impact features, Determine global composition; distribution and evolution of surface materials (GB/GD/GE),,,,,,,,,,
3, 0, 1, Kittu, 1.2, 24.8, -4.0, 6.5, 22.0, 27.5, Dark ray crater in the Mysia Sulci (G7GSKITTU_01 and G7GSKITTU_02 observed by Galileo SSI and NIMS), Study key feature of dark crater material; investigate nature and origin of dark crater material in relation to substrate and subsurface properties (bright terrain with pieces of dark terrain?), 1, 1, 1, 1, 1, 0, 1, 1, 0, 0
3, 0, 2, Tammuz, 14.5, 129.5, 10.0, 19.0, 123.0, 136.0, Poorly resolved bright as well as dark ray crater in Marius Regio (Galileo NIMS observation G2GNTAMMUZ), Resolve unknown properties and of dark and bright ejecta in relation to substrate and subsurface properties (dark terrain), 1, 1, 1, 1, 1, 0, 1, 1, 0, 0
3, 0, 3, Antum, 5.4, 140.5, 1.9, 8.8, 136.0, 145.0, Poorly resolved dark ray crater in Marius Regio (Galileo NIMS observation G2GNANTUM), Study key feature of dark crater material; investigate properties and nature and origin of dark crater material in relation to substrate and subsurface properties (dark terrain), 1, 1, 1, 1, 1, 0, 1, 1, 0, 0
3, 0, 4, Mir, -4.0, 128.0, -7.0, -1.0, 124.0, 132.0, Poorly resolved dark ray crater in Marius Regio (Galileo NIMS observation G1GNMIRRAY), Study key feature of dark crater material; investigate properties and nature and origin of dark crater material in relation to substrate and subsurface properties (dark terrain), 1, 1, 1, 1, 1, 0, 1, 1, 0, 0
3, 0, 5, None, 6.2, 126.5, 2.5, 10.0, 121.0, 132.0, Dark ray crater in Marius Regio close in proximity to Ombos close to the equator. Additional features: degraded anomalous dome crater/penepamlimpsest Ombos, Study dark crater material; investigate properties and nature and origin of dark crater material in relation to substrate and subsurface properties (dark terrain), 1, 1, 1, 1, 1, 0, 1, 1, 0, 0
3, 0, 6, We-Ila, -12.5, 70.5, -17.0, -8.0, 65.0, 76.0, Poorly resolved dark impact crater with dark floor and rim; inferring contamination with dark impactor material, Resolve the unspecified nature and properties and origin of dark material in relation to substrate and subsurface properties, 1, 1, 1, 1, 1, 0, 1, 1, 0, 0
3, 0, 7, Khensu, 1.0, 207.0, -1.0, 3.0, 205.0, 209.0, Small crater with dark floor; bright central peak and bright halo in Uruk Sulcus, Investigate properties and origin of dark floor and bright halo in relation to substrate and subsurface properties (bright terrain), 1, 1, 1, 1, 1, 0, 1, 1, 0, 0
3, 0, 8, None, 21.5, 173.5, 20.0, 23.0, 172.0, 175.0, Small crater with dark floor; bright central peak and bright halo in Mashu Sulcus, Investigate properties and origin of dark floor material in relation to surface and subsurface properties (bright terrain), 1, 1, 1, 1, 1, 0, 1, 1, 0, 0
3, 0, 9, Humbaba, -54.0, 291.0, -60.0, -48.0, 286.0, 296.0, Crater with dark floor and rim but bright halo located within bright terrain but close to small piece of dark terrain. Additional features: bright terrain in contact with dark terrain, Investigate properties and origin of dark crater material possible association of a small piece of dark terrain; investigate deformation style in bright terrain and contact to dark terrain, 1, 1, 1, 1, 1, 0, 1, 1, 0, 0
3, 0, 10, None, 32.0, 4.0, 30.0, 34.0, 2.0, 6.0, Small dark floor crater but bright halo within very smooth (possibly resolution effect) bright terrain. Additional features: dark floor crater superimposing older; larger degraded crater, Investigate properties and origin of dark floor and bright halo in relation to substrate and subsurface properties (bright terrain), 1, 1, 1, 1, 1, 0, 1, 1, 0, 0
3, 0, 11, None, 4.0, 10.5, 2.0, 6.0, 8.0, 13.0, Small dark floor crater but bright halo within bright terrain. Additional features: bright terrain with the contact to dark terrain, Investigate properties and origin of dark floor and dark and bright halo in relation to substrate and subsurface properties (bright terrain), 1, 1, 1, 1, 1, 0, 1, 1, 0, 0
3, 0, 12, None, -29.0, 26.0, -31.0, -27.0, 24.0, 28.0, Poorly resolved dark floor craters in Nicholson Regio. Additional features: dark terrain; degraded impact features, Investigate key feature to solve association of the dark crater material and the ancient dark terrain, 1, 1, 1, 1, 1, 0, 1, 1, 0, 0
3, 0, 13, None, -11.0, 284.5, -14.0, -8.0, 282.0, 287.0, Small dark floor and dark halo crater in Babylon Sulci. Additional features: bright terrain with additional craters (central pits and peaks) without dark material, Investigate small dark floor and ejecta crater within bright terrain in relation to surface and subsurface properties of the bright terrain, 1, 1, 1, 1, 1, 0, 1, 1, 0, 0
3, 0, 14, None, 1.5, 261.5, -0.5, 3.5, 259.5, 263.5, Small dark floor and dark halo crater in Babylon Sulci. Additional features: bright terrain with additional craters (central peak) without dark material, Investigate small dark floor and ejecta crater within bright terrain in relation to surface and subsurface properties of the bright terrain, 1, 1, 1, 1, 1, 0, 1, 1, 0, 0
# 4, 0, #9a35ff, Impact Crater Morphologies, ---, ---, ---, ---, ---, ---, Widest variety of crater morphologies on icy bodies, Characterization of the ice shell and the formation of crater morphologies and evolution of the subsurface properties (GB/GD/GE),,,,,,,,,,
# 4, 1, #9a35ff, Central Peak Craters, ---, ---, ---, ---, ---, ---, Fresh impact craters with a central peak, Study geology; composition; subsurface properties related to peak formation,,,,,,,,,,
4, 1, 1, None, 56.0, 37.0, 52.0, 60.0, 32.0, 42.0, Impact crater (unnamed) with a central peak within bright terrain. Additional features: pedestals; dark ejecta distributed to the north, Study transition from central peak to pedestal craters; investigate formation of central peaks and pedestals within extensiveresurfaced bright terrain in relation to subsurface properties; study differences in composition of dark ejecta and bright material and relate to subsurface properties, 0, 1, 0, 1, 1, 0, 1, 1, 0, 0
4, 1, 2, Maa, 1.5, 157.5, -2.0, 5.0, 153.0, 162.0, Impact crater with a central peak at the border between the dark terrain of Marius Regio andabranch ofTiamatSulcus. Additional features: possible remnants of pedestals, Study transition from central peak to pedestal craters; study crater formation depending on substrate and subsurface properties, 0, 1, 0, 1, 1, 0, 1, 1, 0, 0
4, 1, 3, None, 45.0, 115.0, 40.0, 50.0, 110.0, 120.0, Poorly resolved central peak crater in the bright terrain E of impact crater Hershef. Additional features: poorly resolved bright terrain, Study crater formation depending on substrate and subsurface properties; study bright terrain formation, 0, 1, 0, 1, 1, 0, 1, 1, 0, 0
4, 1, 4, None, -30.0, 333.0, -36.0, -24.0, 327.0, 339.0, Possible central peak craters located within Nicholson Regio and adjacent bright terrain. Additional features: transition between dark and bright terrain, Study differences of the formation of central peak craters depending on substrate; Study contact between dark and bright terrain, 0, 1, 0, 1, 1, 0, 1, 1, 0, 0
# 4, 2, #9a35ff, Central Pit Craters, ---, ---, ---, ---, ---, ---, Impact craters with a central pit, Study geology; composition; subsurface properties related to pit formation,,,,,,,,,,
4, 2, 1, Ninlil, 6.5, 242.0, 2.0, 11.0, 236.0, 248.0, Impact crater with a central pit located in Galileo Regio. Additional features: dark terrain of Galileo Regio pervaded by sets of sublinear furrows, Study formation of pit craters depending on substrate and subsurface properties of the dark terrain; Study dark terrain characteristics and signs of possible initial tectonics, 0, 1, 0, 1, 1, 0, 1, 1, 0, 0
4, 2, 2, None, -13.0, 261.5, -17.0, -9.0, 257.0, 266.0, Group of central pit craters within bright terrain. Additional features: possible small peak craters in the surroundings, Study formation of pit craters depending on substrate and subsurface properties of the bright terrain, 0, 1, 0, 1, 1, 0, 1, 1, 0, 0
4, 2, 3, Lugalmeslam, 23.5, 162.5, 19.0, 28.0, 156.0, 169.0, Impact crater with a central pit located at the border of Marius Regio and Mashu Sulcus and superimposed on palimpsest Hermopolis Facula. Additional features: dark terrain; palimpsest; bright bands, Study formation of pit craters depending changes in the substrate and subsurface properties; study changes in the impact crater properties with substrate and subsurface properties, 0, 1, 0, 1, 1, 0, 1, 1, 0, 0
4, 2, 4, Ashima, -39.0, 236.5, -43.0, -35.0, 232.0, 241.0, Group of pit craters in bright terrain with impact crater Ashima showing the transition from a pit to a central dome. Additional features: extensively resurfaced bright terrain, Study formation of pit craters with respect to properties of bright terrain (surface and subsurface properties); study transformation from central pit to central dome craters, 0, 1, 0, 1, 1, 0, 1, 1, 0, 0
4, 2, 5, Bau, 28.5, 305.0, 20.0, 37.0, 298.0, 312.0, Group of pit craters including Bau located in dark and bright terrain. Additional features: dark terrain crossed by sets of throughs; contact between dark and bright terrain; palimpsest split up by bright terrain; different tectonic styles in bright terrain; possible smooth portions of bright terrain, Study formation of pit craters with respect to different substrate (surface and subsurface properties of bright and dark terrain); study different tectonicstylesinthe bright terrain formation and their influence onto pit craters; study impact craters affected by bright terrain formation, 0, 1, 0, 1, 1, 0, 1, 1, 0, 0
4, 2, 6, None, 3.5, 175.5, 1.0, 6.0, 173.0, 178.0, Possible pit crater within dark terrain of Marius Regio (Galileo NIMS observation: G8GNLIDARK). Additional features: small degraded impact craters in the surrounding dark terrain, Study pit formation with respect to surface and subsurface properties of dark terrain); study impact gardening close to the equator, 0, 1, 0, 1, 1, 0, 1, 1, 0, 0
4, 2, 7, None, -32.0, 262.0, -40.0, -24.0, 253.0, 271.0, Groups of pit craters of different dimensionsinbright terrain. Additional features: extensively resurfaced potionofbright terrain; distorted impact craters; young ray craters, Study pit formation with respect to different crater dimensions; surface and subsurface properties of bright terrain); study deformation of impact craters during bright terrain formation, 0, 1, 0, 1, 1, 0, 1, 1, 0, 0
# 4, 3, #9a35ff, Dome / Anomaleous Dome Craters, ---, ---, ---, ---, ---, ---, Impact craters with a central dome, Study geology; composition; subsurface properties related to dome formation,,,,,,,,,,
4, 3, 1, Melkart, -9.5, 173.5, -15.0, -4.0, 168.0, 179.0, Large complex dome crater with extended ejecta located at the border between Marius Regio and a branch of Sippar Sulcus, Study dome formation at the border of dark and bright terrain; study influence of changing subsurface properties; investigate influence of bright terrain formation onto impact crater; study differences in Ganymede's crustal properties, 0, 1, 0, 1, 1, 0, 1, 1, 0, 0
4, 3, 2, Enkidu, -27.0, 35.0, -32.0, -22.0, 30.0, 40.0, Large complex dome crater located at the border between Nicholson Regio and extensively resurfaced bright terrain close to Borsippa Sulcus. Additional features: contact between dark and bright terrain, Study dome formation at the border of dark and bright terrain; study influence of changing subsurface properties; investigate influence of bright terrain formation onto impact crater; study impact ejecta and theireffect ontosurface properties; study differences in Ganymede's crustal properties, 0, 1, 0, 1, 1, 0, 1, 1, 0, 0
4, 3, 3, Hapi, -30.5, 147.0, -34.0, -27.0, 143.0, 151.0, Poorly resolved large dome crater in a strongly disrupted portion of dark terrain. Additional features: bright terrain, Study dome formation in the bright terrain; investigate influence of bright terrain formation onto impact crater; study impact ejecta and their effect onto surface properties; study differences in Ganymede's crustal properties, 0, 1, 0, 1, 1, 0, 1, 1, 0, 0
4, 3, 4, Irkala, -29.0, 244.5, -34.0, -24.0, 239.0, 250.0, Poorly resolved complex dome crater possibly with additional rings. Additional features: extensively resurfaced bright terrain, Study dome formation in the bright terrain; study complex dome crater formation in the extensive resurfaced portions of bright terrain; study differences in Ganymede's crustal properties, 0, 1, 0, 1, 1, 0, 1, 1, 0, 0
4, 3, 5, Seker, -40.0, 13.5, -46.0, -34.0, 7.0, 20.0, Poorly resolved complex dome crater partially located at the border between bright and dark terrain; possible with extended system of ejecta. Additional features: smallfresh impact craters, Study dome formation at the border between dark and bright terrain; study complex dome crater formation in the extensive resurfaced portions of bright terrain; study differences in Ganymede's crustal properties, 0, 1, 0, 1, 1, 0, 1, 1, 0, 0
4, 3, 6, Atra-Hasis, 21.5, 106.0, 14.0, 29.0, 98.0, 114.0, Complex dome crater located in extensively resurface bright terrain with a distinct continuous ejecta blanket, Study formation of a dome crater within bright terrain; study influence of bright terrain formation onto crater properties, 0, 1, 0, 1, 1, 0, 1, 1, 0, 0
4, 3, 7, Serapis, -11.5, 316.5, -16.0, -7.0, 311.0, 322.0, Possible fresh domeor anomalous dome crater within bright terrain. possible multiple rings, Impressive feature but poorly resolved and illuminated; study differences in Ganymede's crustal properties, 0, 1, 0, 1, 1, 0, 1, 1, 0, 0
4, 3, 8, Damkina, -30.5, 355.0, -37.0, -24.0, 348.0, 2.0, Low resolved very large complex dome crater located in dark terrain of Nicholson Regio with an extended system of ejecta, Study formation of a central dome in case of the largest examples of a dome crater on Ganymede; study differences in Ganymede’s crustal properties, 0, 1, 0, 1, 1, 0, 1, 1, 0, 0
# 4, 4, #9a35ff, Pedestal Craters, ---, ---, ---, ---, ---, ---, Impact craters with topographically elevated continuous ejecta blankets, Study geology; composition; topography and subsurface properties related to elevated ejecta deposits,,,,,,,,,,
4, 4, 1, Dendera, -1.0, 104.5, -7.0, 5.0, 98.0, 111.0, Pit crater with darker pedestals within dark terrain; Additional features: dark terrain close to the equator of Ganymede’s trailing hemisphere, Study formation of pedestal craters within dark terrain; studysurface andsubsurface properties of dark terrain close to equator in an area of low plasma precipitation and where Galileo NIMS first detected hydrated minerals, 0, 1, 0, 1, 1, 0, 1, 1, 0, 0
4, 4, 2, Menhit, -36.0, 218.5, -41.0, -31.0, 214.0, 223.0, Complex very large pedestal and dome crater in Sippar Sulcus / E of Osiris. Additional features: superimposed smaller peak and pit craters, Study transition between dome and pedestal craters in the bright terrain, 0, 1, 0, 1, 1, 0, 1, 1, 0, 0
4, 4, 3, Mor, 30.5, 32.5, 28.0, 33.0, 30.0, 35.0, Small pedestal located in the bright terrain crater E of Zakar (#4.5.9), Study formation of pedestal crater with bright terrain and implications for crustal properties, 0, 1, 0, 1, 1, 0, 1, 1, 0, 0
4, 4, 4, None, 4.5, 200.0, 0.0, 9.0, 195.0, 205.0, Very young relatively small pedestal crater in Uruk Sulcus with a bright halo. Additional features: transition between Galileo Regio and Uruk Sulcus; network of bright terrain; post-impact tectonic deformation of adjacent surface, Study formation of pedestal crater within bright terrain in comparison to smaller or older craters located nearby in Uruk Sulcus; composition of fresh pedestal material; implications for subsurface properties of bright terrain; study formation of bright terrain and pre-and post-impact tectonism, 0, 1, 0, 1, 1, 0, 1, 1, 0, 0
4, 4, 5, None, -2.5, 228.0, -7.0, 2.0, 223.0, 233.0, Very young relatively small pedestal crater with a bright halo in extensively bright terrain. Additional features: smaller central peak craters; transition between Galileo Regio and bright terrain; furrows in dark terrain; extensive resurfacing in bright terrain partly resulting in possibly smooth terrain, Study formation of pedestal crater within bright terrain in comparison to smaller central peak craters located nearby; composition of fresh pedestal material; implications for subsurface properties of bright terrain; study formation of bright terrain; study contact to dark terrain and furrow formation in Galileo Regio, 0, 1, 0, 1, 1, 0, 1, 1, 0, 0
4, 4, 6, None, -18.5, 308.0, -22.0, -15.0, 302.0, 314.0, Small pedestal crater with a central pit in Mysia Sulcus. Additional features: central peak craters; contact between dark and bright terrain; reticulate terrain, Study formation of pedestal crater within bright terrain in comparison to smaller central peak craters located nearby; study implications for subsurface properties and formation of bright terrain (in particular the enclosed reticulate terrain); study contact to dark terrain, 0, 1, 0, 1, 1, 0, 1, 1, 0, 0
4, 4, 7, None, -27.0, 313.5, -30.0, -24.0, 310.0, 317.0, Small pedestal crater with a central peak in Mysia Sulcus. Additional features: central peak craters; different deformation styles in bright terrain; very smooth areas within bright terrain, Study differences in the formation of pedestal crater with pits or peaks in the bright terrain; study deformation styles in particular very smooth portions and its implications for crustal properties, 0, 1, 0, 1, 1, 0, 1, 1, 0, 0
# 4, 5, #9a35ff, Palimpsests and Penepalimpsests, ---, ---, ---, ---, ---, ---, Impact features with subdued inner-crater features, Study geology; composition; topography and subsurface properties related to palimpsests and penepalimpsests of different sizes and with different substrate,,,,,,,,,,
4, 5, 1, Abydos Facula, 34.0, 206.5, 29.0, 39.0, 202.0, 211.0, Palimpsests crater partially overlapping Lumha (another Palimpsests crater) in the dark terrain of Galileo Regio. Additional features: dark terrain; sets of furrows; small fresh impact craters; degraded small impact craters, Study formation of palimpsests within dark terrain and implications for the evolution of crustal properties within dark terrain; study crater degradation and surface weathering in dark terrain and composition of dark material, 0, 1, 0, 1, 1, 0, 1, 1, 0, 0
4, 5, 2, Memphis Facula, 14.0, 228.0, 8.0, 20.0, 222.0, 234.0, Large prominent palimpsest located within Galileo Regio. Additional features: dark terrain; numerous small impact craters from fresh to almost completely degraded; furrows, Study formation of palimpsests within dark terrain and implications for the evolution of crustal properties within dark terrain; study composition of fresh crater material and crater degradation; surface weathering in dark terrain and composition of dark material; studyfurrow formation, 0, 1, 0, 1, 1, 0, 1, 1, 0, 0
4, 5, 3, Epigeus, 22.5, 179.5, 17.0, 28.0, 174.0, 185.0, Penepalimpsest located in Nippur Sulcus and partly in Marius Regio. Additional features: smallfresh impact craters; possible small dark floor crater in Mashu Sulcus, Study formation of penepalimpsests within bright terrain and implications for the evolution of crustal properties within bright terrain; study composition of fresh crater material within and outside Epigeus in the bright terrain; study dark floor material, 0, 1, 0, 1, 1, 0, 1, 1, 0, 0
4, 5, 4, Bigeh Facula, 29.0, 265.5, 26.0, 32.0, 262.0, 269.0, Palimpsest partially in located Galileo Regio and truncated by Xibalba Sulcus. Additional features: bright terrain of Xibalba Sulcus; contact between dark and bright terrain, Study formation of palimpsests within dark terrain and older than bright terrain; study implications for the evolution of crustal properties within dark terrain; study bright terrain, 0, 1, 0, 1, 1, 0, 1, 1, 0, 0
4, 5, 5, None, 1.5, 3.5, -3.0, 6.0, 359.0, 8.0, Group of poorly resolved and unnamed palimpsests in Barnard Regio but partially truncated and intersection by bright terrain. Additional features: dark terrain; degraded impact features, Study formation of palimpsests within dark terrain and older than bright terrain; study implications for the evolution of crustal properties within dark terrain; study bright terrain and additional impact features, 0, 1, 0, 1, 1, 0, 1, 1, 0, 0
4, 5, 6, Gad, -14.5, 222.5, -19.0, -10.0, 218.0, 227.0, Penepalimpsest or degraded dome crater Gad next to a dome crater Ninsum in bright terrain (or piece of dark terrain), Characterize impact morphology of Gad; study formation of penepalimpsests or dome crater in direct comparison with younger dome crater and implications for the evolution of crustal properties, 0, 1, 0, 1, 1, 0, 1, 1, 0, 0
4, 5, 7, Busiris, 17.0, 143.0, 10.0, 24.0, 138.0, 148.0, Poorly resolved palimpsest located in Marius Regio partly overlaid by younger impacts (Seima and Geinos) and truncated by bright terrain, Study formation of palimpsests within dark terrain and older than bright terrain; study implications for the evolution of crustal properties within dark terrain; study bright terrain and additional impact features, 0, 1, 0, 1, 1, 0, 1, 1, 0, 0
4, 5, 8, Coptos, 11.0, 152.0, 6.0, 16.0, 148.0, 156.0, Poorly resolved palimpsest in Marius Regio partly overlaid by a younger impact possibly with dark ejecta, Study formation of palimpsests within dark terrain; study implications for the evolution of crustal properties within dark terrain; study additional impact features and the relationship of possible dark ejecta to the surrounding dark terrain, 0, 1, 0, 1, 1, 0, 1, 1, 0, 0
4, 5, 9, Zakar, 31.0, 25.0, 26.0, 36.0, 20.0, 30.0, Penepalimpsest fully located in bright terrain. Additional features: superimposed impact craters, Study formation of penepalimpsest within bright terrain; study implications for the evolution of crustal properties within bright terrain; study additional impact features, 0, 1, 0, 1, 1, 0, 1, 1, 0, 0
# 4, 6, #9a35ff, Impact Basins, ---, ---, ---, ---, ---, ---, Multiring basins,  Study geology; composition; topography and subsurface properties related to impact basins; stratigraphic marker for surface age measurements,,,,,,,,,,
4, 6, 1, Gilga-Mesh, -62.0, 233.5, -75.0, -49.0, 216.0, 251.0, Large impact basin east of Osiris within the bright terrain. Additional features: ejecta deposits reach into the southern polar region (> -70°), Stratigraphic marker for measurements of surface ages; characterize detailsofcrater morphology; look for compositional indicators for a possible excavation of ocean material, 0, 1, 0, 1, 1, 0, 1, 1, 0, 0
4, 6, 2, Ninki, -7.0, 239.0, -12.0, -2.0, 233.0, 245.0, Impact basin of unknown age and overlaid by several impacts ofdifferent morphologylocated in the bright terrain, Characterize impact feature in comparison to penepalimpsests; study stratigraphic position with respect to Gilgamesh, 0, 1, 0, 1, 1, 0, 1, 1, 0, 0
4, 6, 3, None, 58.0, 282.5, 46.0, 70.0, 267.0, 298.0, Unnamed degraded multiring basin superimposed by additional impact features of different morphologyand truncated by Xibalba Sulcus. Additional features: northern portionreaches intonorthern polar region; Xibalba Sulcus, Characterize impact feature and its influence on the evolution of Galileo Regio; study contact to Xibalba Sulcus; investigate additional impact features, 0, 1, 0, 1, 1, 0, 1, 1, 0, 0
# 4, 7, #9a35ff, Catenae, ---, ---, ---, ---, ---, ---, Impact crater chains, Investigate dynamical and physical impactor properties and impact mechanisms,,,,,,,,,,
4, 7, 1, Terah Catena, 7.0, 82.5, 2.0, 12.0, 76.0, 89.0, Poorly resolved catena located in bright terrain in trailing hemisphere close to the equator; high visual albedo; probably very young, Study impact mechanisms in the trailing hemisphere’ s bright terrain in relation to surface and subsurface properties, 0, 1, 0, 1, 1, 0, 0, 0, 0, 0
4, 7, 2, None, 10.5, 276.0, 6.0, 15.0, 270.0, 282.0, Surface feature of unknown origin located in the bright terrain on the leading hemisphere; which possibly represents a crater chain, Resolve origin; study impact mechanisms in leading hemisphere’ s bright terrain in relation to surface and subsurface properties, 0, 1, 0, 1, 1, 0, 0, 0, 0, 0
4, 7, 3, Enki Catena, 38.0, 346.5, 34.0, 42.0, 340.0, 353.0, Prominent fresh catena crossing bright and dark terrain in sub-Jovian hemisphere. Additional features: dark terrain with degraded impact craters of different morphology;bright terrain including deformed impact crater; contact between dark and bright terrain, Study impact mechanism in sub-Jovian hemisphere in relation with changing surface and subsurface properties, 0, 1, 0, 1, 1, 0, 0, 0, 0, 0
4, 7, 4, Nanshe Catena, 16.0, 6.0, 12.0, 20.0, 2.0, 10.0, Prominentfresh catena completely within bright terrain in sub-Jovian hemisphere. Additional features: smooth portion of bright terrain, Study impact mechanism in sub-Jovian hemisphere in relationtosurface and subsurface properties, 0, 1, 0, 1, 1, 0, 0, 0, 0, 0
# 5, 0, #19c7eb, Bright Ray Craters, ---, ---, ---, ---, ---, ---, Young bright impact craters with an ex tended bright ray system, Characterise the ice shell (GB/GD/GE),,,,,,,,,,
5, 0, 1, Amon, 33.0, 139.0, 26.0, 40.0, 132.0, 146.0, Medium sized bright ray crater located mostly within strongly disrupted dark terrain; rays darker compared to other bright ray craters: possibly age effect and/or admixture of dark material to ejecta. Additional features: complex crater morphology (central dome), Study bright ray crater material with respect to the excavation depth of the crater; its age; and its location at the transition between dark and bright terrain; investigate crater morphology, 1, 1, 1, 1, 1, 1, 1, 1, 1, 0
5, 0, 2, Tros, 13.0, 332.0, 5.0, 21.0, 324.0, 340.0, Medium sized bright ray crater located within extensively resurfaced bright terrain and possibly a piece of dark terrain; (rays captured by Galileo SSI in target area 29GSCAPCOL01-10). Additional features: unknown crater morphology, Study bright ray crater material with respect to the excavation depth of the crater; its age; and its location mostly with bright terrain; investigate crater morphology; compare T ros’ age to the age of Osiris (#1.0.3), 1, 1, 1, 1, 1, 1, 1, 1, 1, 0
5, 0, 3, Punt, -25.0, 119.5, -33.0, -17.0, 109.0, 130.0, Poorly resolved large bright ray crater with extended ray system located within Melotte Regio; part of ejecta rays northward possibly dark instead of bright. Additional features: complex crater morphology (central dome), Study bright ray crater material with respect to the excavation depth of the crater; its age; and its location in the dark terrain; investigate crater morphology, 1, 1, 1, 1, 1, 1, 1, 1, 1, 0
5, 0, 4, None, 42.0, 19.0, 38.0, 46.0, 13.0, 25.0, Poorly resolved unnamed crater with bright and dark albedo ejecta within Melotte Regio; possibly emplaced at a border between dark and bright terrain, Study bright ray crater material with respect to the excavation depth of the crater; its age; and its substrate; investigate crater morphology; resolve origin of the ejecta’s changing color/composition, 1, 1, 1, 1, 1, 1, 1, 1, 1, 0
5, 0, 5, Apophis, -8.0, 84.0, -12.0, -4.0, 80.0, 88.0, Poorly resolved small bright ray crater close to We-ila. Additional features: complex crater morphology (pedestals?), Study bright ray crater material with respect to the excavation depth of the crater; its age; and its substrate; investigate crater morphology, 1, 1, 1, 1, 1, 1, 1, 1, 1, 0
5, 0, 6, Haroeris/Ta-Urt, 27.5, 59.0, 21.0, 34.0, 49.0, 69.0, Poorly resolved bright ray craters. Additional features: unknown crater morphology, Study bright ray crater material with respect to the excavation depth of the crater; its age; and its location in the bright terrain; investigate crater morphology, 1, 1, 1, 1, 1, 1, 1, 1, 1, 0
5, 0, 7, None, 0.5, 351.5, -2.5, 3.5, 348.0, 355.0, Poorly resolved medium sized bright/intermediate ray crater located in Barnard Regio. Additional features: unknown crater morphology (central pit?), Study bright ray crater material with respect to the excavation depth of the crater; its age; and its location in the dark terrain; investigate crater morphology; investigate ray fading in comparison to other bright ray craters such Tros (#5.0.2); investigate crater morphology, 1, 1, 1, 1, 1, 1, 1, 1, 1, 0
5, 0, 8, Shu, 43.5, 3.0, 38.0, 49.0, 358.0, 8.0, Relatively small bright ray crater emplaced in a contact region between bright and pieces of dark terrain. Additional features: complex crater morphology, Study bright ray crater material with respect to the excavation depth of the crater; its age; and substrate; investigate crater morphology, 1, 1, 1, 1, 1, 1, 1, 1, 1, 0
5, 0, 9, Selket, 15.5, 254.0, 9.0, 22.0, 247.0, 261.0, Poorly resolved large bright ray crater in Galileo Regio. Additional features: unknown crater morphology, Study bright ray crater material with respect to the excavation depth of the crater; its age; and its substrate (dark terrain); investigate formation of the crater morphology in relation to the dark terrain, 1, 1, 1, 1, 1, 1, 1, 1, 1, 0
5, 0, 10, Achelous, 61.5, 348.5, 57.0, 66.0, 341.0, 356.0, Bright ray crater located within bright terrain. Additional features: relatively older impact crater Gula (central peak and possibl pedestals), Study bright ray crater material with respect to the excavation depth of the crater; its age; and its substrate (bright terrain); investigate formation of the different crater morphologies of Achelous and Gula, 1, 1, 1, 1, 1, 1, 1, 1, 1, 0
5, 0, 11, Laomedon, 22.0, 282.0, 15.0, 29.0, 276.0, 288.0, Small bright ray crater with extended rays located in Xibalba Sulcus. Additional features: additional impact craters of different sizes; ages and morphology, Study bright ray crater material with respect to the excavation depth of the crater; its age; and its substrate (bright terrain); investigate formation of the crater morphologies in relation to the bright terrain, 1, 1, 1, 1, 1, 1, 1, 1, 1, 0
5, 0, 12, Cisti, -31.5, 295.0, -38.0, -25.0, 288.0, 302.0, Two mid-sized bright ray craters within bright terrain; with pronounced continuous ejecta blanket. Additional features: complex crater morphology (central pit); additional impact crater morphologies (peak; pedestals; dome; pit; penepalimpsest) of different sizes; ages and partly superimposed to each other, Study bright ray crater material with respect to the excavation depth of the crater; its age; and its substrate; investigate crater morphologies depending on substrate, 1, 1, 1, 1, 1, 1, 1, 1, 1, 0
# 6, 0, #e4b015, Resurfaced Terrain, ---, ---, ---, ---, ---, ---, Tectonic resurfacing, Characterize the iceshell/Determine global composition; distribution and evolution of surface materials / Understand the formation of surface features and search for past and present activity (GB/GD/GE),,,,,,,,,,
# 6, 1, #e4b015, Grooves / Fractures, ---, ---, ---, ---, ---, ---, Possible incipient resurfacing, Characterize surface and subsurface properties and investigate formation and deformation style of incipient resurfacing of the dark terrain,,,,,,,,,,
6, 1, 1, Marius Regio I, -11.0, 186.0, -14.0, -8.0, 182.0, 190.0, Peculiar groove in Marius Regio; intersection with bright band Erech Sulcus; cuts and deforms pre-existing impact crater. Additional features: portion of the bright band of Erech Sulcus, Study formation of grooves within dark terrain; investigate age relationship to dark terrain, 1, 1, 1, 1, 1, 1, 1, 1, 0, 0
6, 1, 2, Galileo Regio, 19.0, 206.5, 13.0, 25.0, 198.0, 215.0, Intersection by sets of concentric and radial furrows within dark terrain. Additional features: dark terrain; degraded impact craters ofdifferent morphologies;age and sizes, Study differences related and non-impact-related tectonics, 1, 1, 1, 1, 1, 1, 1, 1, 0, 0
6, 1, 3, Galileo Regio, 27.5, 231.0, 22.0, 33.0, 225.0, 237.0, Intersection by sets of concentric and radial furrows within dark terrain. Additional features: dark terrain; degraded impact craters ofdifferent morphologies;age and sizes, Study differences of impact-related and non-impact-related tectonics; study deformation of impact craters, 1, 1, 1, 1, 1, 1, 1, 1, 0, 0
6, 1, 4, Perrine Regio, 16.5, 303.5, 10.0, 23.0, 297.0, 310.0, Portion of Perrine Regio intersected by sets of grooves. Additional features: dark terrain; additional more or less degraded impact craters of different morphologies;contact between dark and bright terrain; narrow band of bright terrain; second individual band; both truncated by younger portion of bight terrain including remnants a potential patera, Study differences of impact-related and non-impact-related tectonics; study deformation of impact craters; study resurfacing style of dark terrain and craters. contact between bright and dark terrain; characterize deformation styles in bright terrain and potential relationships to the formation of pateras, 1, 1, 1, 1, 1, 1, 1, 1, 0, 0
6, 1, 5, Marius Regio Ii, 34.0, 168.0, 29.0, 39.0, 163.0, 173.0, Sets of grooves in northern Marius Regio. Additional features: transition between grooves and individual bands; impact crater Anhur; dark terrain including numerous degraded impact craters of different morphology, Study transition between individual grooves to narrow bright bands; study deformation of impact craters; characterize dark material; characterize impact morphologies and surface degradation by space weathering and/or crater relaxation, 1, 1, 1, 1, 1, 1, 1, 1, 1, 0
6, 1, 6, Marius Regio Iii, 39.5, 157.0, 34.0, 45.0, 152.0, 162.0, Sets of grooves in northern Marius Regio. Additional features: transition between grooves and individual bands; small dark halo crater; dark terrain including numerous degraded impact craters of different morphology, Study transition between individual grooves to narrow bright bands; study deformation of impact craters; characterize dark material; characterize impact morphologies and surface degradation by space weathering and/or crater relaxation, 1, 1, 1, 1, 1, 1, 1, 1, 1, 0
6, 1, 8, Anshar Sulcus, 12.0, 170.0, 8.0, 16.0, 167.0, 173.0, Sets of grooves intersecting Marius Regio truncated by Anshar Sulcus. Additional features: dark terrain; degraded impact craters, Study transition between individual grooves to narrow bright bands; study deformation of impact craters; characterize dark material; characterize surface degradation by space weathering and/or crater relaxation, 1, 1, 1, 1, 1, 1, 1, 1, 0, 0
# 6, 2, #e4b015, Bands, ---, ---, ---, ---, ---, ---, Individual tectonic bands, Characterize surface and subsurface properties and investigate formation and deformation style of individual bright bands,,,,,,,,,,
6, 2, 1, Hursag Sulcus, -13.0, 97.5, -21.0, -5.0, 89.0, 106.0, Poorly resolved small polygon of dark terrain (part of Melotte Regio) surrounded and cut by several bright bands (Shuruppak and Hursag Sulcus). Additional features: impact crater morphologies in dark and bright terrain; superimposed bright secondary craters originating from Punt (#5.0.3), Study deformation style and formation of individual bright bands and contact to dark terrain with respect to surface and subsurface properties; studysurface degradation within dark and bright terrain; degraded impact morphologies, 1, 1, 1, 1, 1, 1, 1, 1, 0, 0
6, 2, 2, Anshar Sulcus, 25.5, 152.0, 20.0, 31.0, 147.0, 157.0, Piece of dark terrain (Marius Regio) cut and surrounded by several bright bands (Mashu and Anshar Sulcus); numerous small-scale polygons of dark terrain in the northwest of the location, Study deformation style and formation of individual bright bands and contact to dark terrain with respect to surface and subsurface properties, 1, 1, 1, 1, 1, 1, 1, 1, 0, 0
6, 2, 3, Kishar Sulcus, -12.0, 137.5, -18.0, -6.0, 130.0, 145.0, Broad band of comparably smooth bright terrain cut by Lakhamu Fossa N of Melotte Regio; superimposed linear chains of potential secondary craters from (a) so far unknown primary crater(s), Study deformation style and formation of individual bright bands and contact to dark terrain with respect to surface and subsurface properties, 1, 1, 1, 1, 1, 1, 1, 1, 0, 0
6, 2, 4, Dardanus Sulcus, -19.0, 346.0, -23.0, -15.0, 340.0, 352.0, Bright band intersecting Nicholson Regio; example of right-lateral strike-slip tectonism. Additional features: dark terrain; degraded impact craters ofdifferent morphologies, Study deformation style and formation of individual bright bands and contact to dark terrain with respect to surface and subsurface properties; study strike-slip tectonism in detail; study surface degradation within dark terrain, 1, 1, 1, 1, 1, 1, 1, 1, 0, 0
6, 2, 5, Arbela Sulcus, -16.5, 12.5, -19.0, -14.0, 10.0, 15.0, Bright band intersecting Nicholson Regio; partly intersecting impact craters. Additional features: dark terrain; degraded impact craters of different ages; sizes and morphologies, Study deformation style and formation of individual bright bands and contact to dark terrain with respect to surface and subsurface properties; study impact crater deformation; study surface degradation within dark terrain, 1, 1, 1, 1, 1, 1, 1, 1, 0, 0
6, 2, 6, Elam/Nippur Sulcus, 49.0, 171.0, 43.0, 55.0, 165.0, 177.0, Bright bands of Elam and Nippur Sulcus intersecting slivers of dark terrain including very smooth portions of bright terrain; contact to dark terrain. Additional features: smallfresh impact craters, Study deformation style and formation of individual bright bands and contact to dark terrain with respect to surface and subsurface properties; studyfresh impactcraters, 1, 1, 1, 1, 1, 1, 1, 1, 0, 0
6, 2, 7, Ur/Philae Sulcus, 58.5, 187.5, 55.0, 62.0, 184.0, 191.0, Bright bands of Ur and Philae Sulcus between and surrounding dark terrain. Additional features: degraded impact crater Lapton located in dark terrain, Study deformation style and formation of individual bright bands and contact to dark terrain with respect to surface and subsurface properties, 1, 1, 1, 1, 1, 1, 1, 1, 0, 0
# 6, 3, #e4b015, Network of Bands, ---, ---, ---, ---, ---, ---,  Complex network of tectonic features, Investigate formation and deformation style of resurfacing with respect to surface and subsurface properties,,,,,,,,,,
6, 3, 1, Babylon Sulci I, -37.5, 227.5, -43.0, -32.0, 222.0, 233.0, Portion of extensively resurfaced area of Babylon Sulci (different deformation styles) including potential smooth bright terrain. Additional features: small fresh central peak and pedestal craters, Characterize deformation style of individual polygons or cells of bright terrain with respect to surface and subsurface properties; study age relationships of different resurfacing styles; search for Europa-like resurfacing; search for signs of surface-ocean interaction, 1, 1, 1, 1, 1, 1, 1, 1, 0, 0
6, 3, 2, Uruk Sulcus I, -5.0, 210.0, -11.0, 1.0, 202.0, 218.0, Portion of Uruk Sulcus consisting of a network of differently deformed cells/polygons of bright terrain in contact to the dark terrain of Galileo and Marius Regio; possible over flown portions of dark terrain. Additional features: smallfresh bright (one dark) impact craters; additional more or less degraded impact craters in dark and bright terrain of different morphologies, Study deformation style and formation of individual polygons or cells of bright terrain with respect to surface and subsurface properties; define possible age relationships to reconstruct the formation of Uruk Sulcus; characterize contact to dark terrain; investigate un-weathered material of fresh impact craters, 1, 1, 1, 1, 1, 1, 1, 1, 0, 0
6, 3, 3, Uruk Sulcus Ii, 10.0, 187.0, 5.0, 15.0, 182.0, 192.0, Portion of Uruk Sulcus consisting of a network of differently deformed cells/polygons (possibly including very smooth portions) of bright terrain in contact to the dark terrain of Marius Regio. Additional features: smallfresh impact craters; additional more or less degraded impact craters in dark and bright terrain of different morphologies networks of bands in Uruk Sulcuswithdifferent stylesof contact to dark terrain., Study deformation style and formation of individual polygons or cells of bright terrain with respect to surface and subsurface properties; define possible age relationships to reconstruct the formation of Uruk Sulcus; characterize contact to dark terrain; investigate un-weathered material of fresh impact craters formation of Uruk Sulcus., 1, 1, 1, 1, 1, 1, 1, 1, 0, 0
6, 3, 4, Mysia Sulci, -1.0, 46.0, -6.0, 4.0, 41.0, 51.0, Extensively resurfaced portion of bright terrain region South of Mysia Sulci. Additional features: superimposed small fresh impact craters of different morphologies (at least one pedestal crater), Study deformation style and formation of individual polygons or cells of bright terrain with respect to surface and subsurface properties; define possible age relationships of deformation styles; investigate un-weathered material of fresh impact craters; search for signs of surface-ocean interaction, 1, 1, 1, 1, 1, 1, 1, 1, 0, 0
6, 3, 5, Phrygia Sulcus I, 15.0, 350.0, 10.0, 20.0, 345.0, 355.0, Extensively resurfaced region of PhrygiaSulcus east of Tros extensively resurfaced region of Phrygia Sulcus east of Tros, Characterize deformation style of individual polygons or cells of bright terrain with respect to surface and subsurface properties; study age relationships of different resurfacing styles; search for signs of surface-ocean interaction, 1, 1, 1, 1, 1, 1, 1, 1, 0, 0
6, 3, 6, Babylon Sulci Ii, 4.5, 285.5, -1.0, 10.0, 280.0, 291.0, Slivers of a heavily resurfaced polygon of dark terrain surrounded and intersected by extensively resurfaced (partly very smooth) Babylon Sulci. Additional features: Fresh and partially degraded impact craters of different morphologies, Characterize resurfacing of dark terrain; Study deformation style of individual polygons or cells of bright terrain with respect to surface and subsurface properties; study age relationships of different resurfacing styles, 1, 1, 1, 1, 1, 1, 1, 1, 0, 0
6, 3, 7, Babylon Sulci Iii, -26.5, 306.5, -31.0, -22.0, 302.0, 311.0, Extensively resurface portionof bright terrain of Babylon Sulci withdifferent deformations styles including a very smooth portion of bright terrain. Additional features: sliver of dark terrain; superimposed impact craters, Study deformation style and formation of individual polygons or cells of bright terrain with respect to surface and subsurface properties; define possible age relationships of deformation styles; investigate impact crater morphologies; search for signs of surface-ocean interaction, 1, 1, 1, 1, 1, 1, 1, 1, 0, 0
6, 3, 8, Babylon Sulci Iii, -8.5, 295.0, -13.0, -4.0, 290.0, 300.0, Extensively resurface portionof bright terrain of Babylon Sulci withdifferent deformations styles. Additional features: fresh dark floor and bright impact craters; additional more or less degraded impact craters of different morphologies, Study deformation style and formation of individual polygons or cells of bright terrain with respect to surface and subsurface properties; define possible age relationships of deformation styles; investigate nature and origin of dark floor craters and degradation of impact crater morphologies in the bright terrain, 1, 1, 1, 1, 1, 1, 1, 1, 0, 0
6, 3, 9, Babylon Sulci V, -8.0, 279.0, -11.0, -5.0, 276.0, 282.0, Extensively resurface portionof bright terrain of Babylon Sulci withdifferent deformations styles. Additional features: fresh bright impact craters; additional more or less degraded impact craters ofdifferent morphologies, Study deformation style and formation of individual polygons or cells of bright terrain with respect to surface and subsurface properties; define possible age relationships of deformation styles; search for signs of surface-ocean interaction; investigate degradation of impact crater morphologies in the bright terrain, 1, 1, 1, 1, 1, 1, 1, 1, 0, 0
6, 3, 10, Sippar Sulcus, -21.5, 176.5, -26.0, -17.0, 171.0, 182.0, Reticulate terrain within the extensively resurfaced bright terrain of Sippar Sulcus, Study deformation style and formation of individual polygons or cells of bright terrain with respect to surface and subsurface properties; define possible age relationships of deformation styles; investigate the formation process; age of reticulate terrain and association with bright terrain formation, 1, 1, 1, 1, 1, 1, 1, 1, 0, 0
6, 3, 11, Phrygia Sulcus Ii, 8.5, 315.0, 2.0, 15.0, 310.0, 320.0, Extensively resurfaced portion of Phrygia Sulcus west of Tros with relicts of potential Europa-like deformation style such as double ridges, Study deformation style and formation of individual polygons or cells of bright terrain with respect to surface and subsurface properties; define possible age relationships of deformation styles; investigate impact crater morphologies; search for Europa-like resurfacing and signs of surface-ocean interaction, 1, 1, 1, 1, 1, 1, 1, 1, 0, 0
6, 3, 12, None, -20.5, 194.0, -27.0, -14.0, 188.0, 200.0, Reticulate terrain within the extensively resurfaced bright terrain of Sippar Sulcus, Study deformation style and formation of individual polygons or cells of bright terrain with respect to surface and subsurface properties; define possible age relationships of deformation styles; investigate the formation process; age of reticulate terrain and association with bright terrain formation, 1, 1, 1, 1, 1, 1, 1, 1, 0, 0
# 7, 0, #a55702, Ancient Dark Terrain, ---, ---, ---, ---, ---, ---, Ancient terrain; erosional surface features in the ancient dark terrain. degraded impact craters, Determine global composition; distribution and evolution of surface materials; characterize surface degradation in relation with external environment and subsurface properties (GB/GC/GD/GE),,,,,,,,,,
7, 0, 1, None, -26.5, 219.5, -30.0, -23.0, 215.0, 224.0, Portion of dark terrain in Marius Regio with smooth areas covered by dark material and remnants of a degraded dome crater. Additional features: grooves and narrow bands of bright terrain; additional degraded impact craters, Study nature and origin of dark material and processes responsible for surface degradation; search for possible organic compounds; study formation of narrow bright bands and their influence onto the evolution of the dark terrain, 1, 1, 1, 1, 0, 0, 1, 1, 0, 0
7, 0, 2, Perrine Regio I, 26.0, 344.0, 21.0, 31.0, 340.0, 348.0, Poorly resolved portion of dark terrain in Perrine Regio including numerous more or less degraded impact craters. Additional features: ejecta of Tros, Study nature and origin of dark material; search for possible organic compounds; investigate processes responsible for surface degradation, 1, 1, 1, 1, 0, 0, 1, 1, 0, 0
7, 0, 3, Perrine Regio Ii, 45.0, 352.0, 42.0, 48.0, 346.0, 358.0, Poorly resolved but presumably darkest region in Perrine Regio, Study nature and origin of dark material; search for possible organic compounds; investigate processes responsible for surface degradation, 1, 1, 1, 1, 0, 0, 1, 1, 0, 0
7, 0, 4, Marius Regio I, -3.5, 186.5, -7.0, 0.0, 182.0, 191.0, Comparably pristine and uniform region of dark terrain unaffected by tectonic deformations within Marius Regio with numerous more or less degraded impact features, Study nature and origin of dark material and processes responsible for surface degradation; study formation of adjacent narrow bright bands and their influence onto the evolution of the dark terrain, 1, 1, 1, 1, 0, 0, 1, 1, 0, 0
7, 0, 5, Nicholson Regio I, -18.5, 29.5, -22.0, -15.0, 24.0, 35.0, Mostly uniform portion of dark terrain within Nicholson Regio with sets of degraded arcuate furrows and numerous more or less degraded impact craters., Study nature and origin of dark material and processes responsible for surface degradation; study furrow formation, 1, 1, 1, 1, 0, 0, 1, 1, 0, 0
7, 0, 6, Melotte Regio, 9.5, 97.0, 5.0, 14.0, 92.0, 102.0, Poorly resolved portion of dark terrain in Melotte Regio in the equatorial region of the trailing hemisphere, Key region for the investigation of dark material; study nature and origin of dark material and processes responsible for surface degradation; search for possible organic compounds; studyfurrow formation, 1, 1, 1, 1, 0, 0, 1, 1, 0, 0
7, 0, 7, Galileo Regio, 37.5, 192.5, 30.0, 45.0, 185.0, 200.0, Portion of dark terrain in Galileo Regio with arcuate impact-induced furrows (Lakhmu Fossae) and palimpsests (e.g. T ettu Facula) indifferent statesof degradation, Study nature and origin of dark material and processes responsible for surface degradation; study furrow formation, 1, 1, 1, 1, 0, 0, 1, 1, 0, 0
7, 0, 8, Nicholson Regio Ii, -40.0, 317.5, -45.0, -35.0, 310.0, 325.0, Portion of dark terrain in western Nicholson Regio with sets of arcuate furrows, Study nature and origin of dark material and processes responsible for surface degradation; study furrow formation, 1, 1, 1, 1, 0, 0, 1, 1, 0, 0
7, 0, 9, Marius Regio Ii, 4.0, 166.5, -1.0, 9.0, 161.0, 172.0, Comparably pristine portion of dark terrain in Marius Regio without prominent tectonic features but with numerous more or less degraded impact features, Key region for the investigation of dark material; study nature and origin of dark material and processes responsible for surface degradation; search for possible organic compounds, 0, 0, 0, 0, 0, 0, 0, 0, 0, 0
